break,label,text
new position,,
new line,title,Disponent (m/w/d) für die internationale LKW-Disposition
new line,location,Barcelona
new line,description,Für unseren Standort Barcelona suchen wir zum nächstmöglichen Zeitpunkt einen Disponent (m/w/d) für die innerdeutsche LKW-Disposition.
new line,tasks,Einkauf von Transportleistungen
new line,tasks,Optimierung von Teilpartien
new line,tasks,Verkauf an unsere Transportunternehmer
new line,tasks,Abrechnung der Dienstleistungen
new line,tasks,"Täglich müssen schnelle Entscheidungen getroffen werden, bei höchstmöglicher Qualität in der Ausführung. Nach einer entsprechenden Einarbeitungszeit sollen Sie diese Aufgaben eigenverantwortlich lösen."
new line,requirements,Ausbildung zum Kaufmann (m/w/d) für Spedition & Logistikdienstleistung oder ähnlich
new line,requirements,Erste Berufserfahrung in der operativen Disposition in einer Spedition
new line,requirements,Gute Kenntnisse des Office-Pakets
new line,requirements,Kommunikations- und Teamfähigkeit sowie eine selbständige Arbeitsweise
new line,requirements,Verhandlungssichere Spanisch- und Deutschkenntnisse
new line,requirements,Gute Englischkenntnisse
new line,offer,"Die NEUFRA Speditions Gruppe ist ein international aufgestelltes mittelständisches Unternehmen mit 33 Niederlassungen in Europa. Mit mehr als 400 Mitarbeiter/innen leben wir eine offene Unternehmenskultur in einem persönlich geprägten Arbeitsumfeld. Unsere flachen Hierarchien fördern nicht nur ein kollegiales Miteinander, sondern auch eigenständiges Arbeiten mit eigenverantwortlichen Entscheidungen. Sie erwartet ein zukunftssicherer Arbeitsplatz mit dem Ziel einer langfristigen Zusammenarbeit. Zur Förderung Ihrer beruflichen und persönlichen Entwicklung werden Ihnen individuelle Weiterbildungsmöglichkeiten offeriert. Ferner besteht die Vergütung Ihrer Leistung aus attraktiven Gehältern, die mit weiteren Sozialleistungen ergänzt werden."
new line,other,
new line,partnerName,Grant Apressian
new line,partnerMobile,+34 681 128976
new line,partnerCity,08027 E-Barcelona
new line,partnerStreet,Avda. Meridiana 354 11 d
new line,partnerPhone,+34 93 6345043
new position,,
new line,title,Disponent (m/w/d) für die innerdeutsche LKW-Disposition
new line,location,Berlin
new line,description,Für unseren Standort Berlin suchen wir zum nächstmöglichen Zeitpunkt einen Disponent (m/w/d) für die innerdeutsche LKW-Disposition.
new line,tasks,Einkauf von Transportleistungen
new line,tasks,Optimierung von Teilpartien
new line,tasks,Verkauf an unsere Transportunternehmer
new line,tasks,Abrechnung der Dienstleistungen
new line,tasks,"Täglich müssen schnelle Entscheidungen getroffen werden, bei höchstmöglicher Qualität in der Ausführung. Nach einer entsprechenden Einarbeitungszeit sollen Sie diese Aufgaben eigenverantwortlich lösen."
new line,requirements,Ausbildung zum Kaufmann (m/w/d) für Spedition & Logistikdienstleistung oder ähnlich
new line,requirements,Erste Berufserfahrung in der operativen Disposition in einer Spedition
new line,requirements,Gute Kenntnisse des Office-Pakets
new line,requirements,Kommunikations- und Teamfähigkeit sowie eine selbständige Arbeitsweise
new line,requirements,Gute Englischkenntnisse
new line,offer,"Die NEUFRA Speditions Gruppe ist ein international aufgestelltes mittelständisches Unternehmen mit 33 Niederlassungen in Europa. Mit mehr als 400 Mitarbeiter/innen leben wir eine offene Unternehmenskultur in einem persönlich geprägten Arbeitsumfeld. Unsere flachen Hierarchien fördern nicht nur ein kollegiales Miteinander, sondern auch eigenständiges Arbeiten mit eigenverantwortlichen Entscheidungen. Sie erwartet ein zukunftssicherer Arbeitsplatz mit dem Ziel einer langfristigen Zusammenarbeit. Zur Förderung Ihrer beruflichen und persönlichen Entwicklung werden Ihnen individuelle Weiterbildungsmöglichkeiten offeriert. Ferner besteht die Vergütung Ihrer Leistung aus attraktiven Gehältern, die mit weiteren Sozialleistungen ergänzt werden."
new line,other,
new line,partnerName,Dennis Maciej
new line,partnerMobile,+49 172 7298908
new line,partnerCity,13597 Berlin
new line,partnerStreet,Freiheit 13
new line,partnerPhone,+49 30 351901-10
new position,,
new line,title,Disponent (m/w/d) für die internationale LKW-Disposition
new line,location,Berlin
new line,description,Für unseren Standort Berlin suchen wir zum nächstmöglichen Zeitpunkt einen Disponent (m/w/d) für die innerdeutsche LKW-Disposition.
new line,tasks,Einkauf von Transportleistungen
new line,tasks,Optimierung von Teilpartien
new line,tasks,Verkauf an unsere Transportunternehmer
new line,tasks,Abrechnung der Dienstleistungen
new line,tasks,"Täglich müssen schnelle Entscheidungen getroffen werden, bei höchstmöglicher Qualität in der Ausführung. Nach einer entsprechenden Einarbeitungszeit sollen Sie diese Aufgaben eigenverantwortlich lösen."
new line,requirements,Ausbildung zum Kaufmann (m/w/d) für Spedition & Logistikdienstleistung oder ähnlich
new line,requirements,Erste Berufserfahrung in der operativen Disposition in einer Spedition
new line,requirements,Gute Kenntnisse des Office-Pakets
new line,requirements,Kommunikations- und Teamfähigkeit sowie eine selbständige Arbeitsweise
new line,requirements,Gute Englischkenntnisse
new line,offer,"Die NEUFRA Speditions Gruppe ist ein international aufgestelltes mittelständisches Unternehmen mit 33 Niederlassungen in Europa. Mit mehr als 400 Mitarbeiter/innen leben wir eine offene Unternehmenskultur in einem persönlich geprägten Arbeitsumfeld. Unsere flachen Hierarchien fördern nicht nur ein kollegiales Miteinander, sondern auch eigenständiges Arbeiten mit eigenverantwortlichen Entscheidungen. Sie erwartet ein zukunftssicherer Arbeitsplatz mit dem Ziel einer langfristigen Zusammenarbeit. Zur Förderung Ihrer beruflichen und persönlichen Entwicklung werden Ihnen individuelle Weiterbildungsmöglichkeiten offeriert. Ferner besteht die Vergütung Ihrer Leistung aus attraktiven Gehältern, die mit weiteren Sozialleistungen ergänzt werden."
new line,other,
new line,partnerName,Dennis Maciej
new line,partnerMobile,+49 172 7298908
new line,partnerCity,13597 Berlin
new line,partnerStreet,Freiheit 13
new line,partnerPhone,+49 30 351901-10
new position,,
new line,title,Disponent (m/w/d) für die internationale LKW-Disposition
new line,location,Bregenz
new line,description,Für unseren Standort Bregenz suchen wir zum nächstmöglichen Zeitpunkt einen Disponent/-in für die LKW-Disposition.
new line,tasks,Einkauf von Transportleistungen
new line,tasks,Optimierung von Teilpartien
new line,tasks,Verkauf an unsere Transportunternehmer
new line,tasks,Abrechnung der Dienstleistungen
new line,tasks,"Täglich müssen schnelle Entscheidungen getroffen werden, bei höchstmöglicher Qualität in der Ausführung. Nach einer entsprechenden Einarbeitungszeit sollen Sie diese Aufgaben eigenverantwortlich lösen."
new line,requirements,Ausbildung zum Kaufmann (m/w/d) für Spedition & Logistikdienstleistung oder ähnlich
new line,requirements,Erste Berufserfahrung in der operativen Disposition in einer Spedition
new line,requirements,Gute Kenntnisse des Office-Pakets
new line,requirements,Kommunikations- und Teamfähigkeit sowie eine selbständige Arbeitsweise
new line,requirements,Gute Englischkenntnisse
new line,offer,"Die NEUFRA Speditions Gruppe ist ein international aufgestelltes mittelständisches Unternehmen mit 33 Niederlassungen in Europa. Mit mehr als 400 Mitarbeiter/innen leben wir eine offene Unternehmenskultur in einem persönlich geprägten Arbeitsumfeld. Unsere flachen Hierarchien fördern nicht nur ein kollegiales Miteinander, sondern auch eigenständiges Arbeiten mit eigenverantwortlichen Entscheidungen. Sie erwartet ein zukunftssicherer Arbeitsplatz mit dem Ziel einer langfristigen Zusammenarbeit. Zur Förderung Ihrer beruflichen und persönlichen Entwicklung werden Ihnen individuelle Weiterbildungsmöglichkeiten offeriert. Ferner besteht die Vergütung Ihrer Leistung aus attraktiven Gehältern, die mit weiteren Sozialleistungen ergänzt werden."
new line,other,
new line,partnerName,Klaus Amann
new line,partnerMobile,+43 676 88867501
new line,partnerCity,6960 A-Wolfurt
new line,partnerStreet,Konrad-Doppelmayr-Strasse 17
new line,partnerPhone,+43 5574 82640-20
new position,,
new line,title,Disponent (m/w/d) für die innerdeutsche LKW-Disposition
new line,location,Bremen
new line,description,Für unseren Standort Bremen suchen wir zum nächstmöglichen Zeitpunkt einen Disponent/-in für die LKW-Disposition.
new line,tasks,Einkauf von Transportleistungen
new line,tasks,Optimierung von Teilpartien
new line,tasks,Verkauf an unsere Transportunternehmer
new line,tasks,Abrechnung der Dienstleistungen
new line,tasks,"Täglich müssen schnelle Entscheidungen getroffen werden, bei höchstmöglicher Qualität in der Ausführung. Nach einer entsprechenden Einarbeitungszeit sollen Sie diese Aufgaben eigenverantwortlich lösen."
new line,requirements,Ausbildung zum Kaufmann (m/w/d) für Spedition & Logistikdienstleistung oder ähnlich
new line,requirements,Erste Berufserfahrung in der operativen Disposition in einer Spedition
new line,requirements,Gute Kenntnisse des Office-Pakets
new line,requirements,Kommunikations- und Teamfähigkeit sowie eine selbständige Arbeitsweise
new line,requirements,Gute Englischkenntnisse
new line,offer,"Die NEUFRA Speditions Gruppe ist ein international aufgestelltes mittelständisches Unternehmen mit 33 Niederlassungen in Europa. Mit mehr als 400 Mitarbeiter/innen leben wir eine offene Unternehmenskultur in einem persönlich geprägten Arbeitsumfeld. Unsere flachen Hierarchien fördern nicht nur ein kollegiales Miteinander, sondern auch eigenständiges Arbeiten mit eigenverantwortlichen Entscheidungen. Sie erwartet ein zukunftssicherer Arbeitsplatz mit dem Ziel einer langfristigen Zusammenarbeit. Zur Förderung Ihrer beruflichen und persönlichen Entwicklung werden Ihnen individuelle Weiterbildungsmöglichkeiten offeriert. Ferner besteht die Vergütung Ihrer Leistung aus attraktiven Gehältern, die mit weiteren Sozialleistungen ergänzt werden."
new line,other,
new line,partnerName,Florian Töbelmann
new line,partnerMobile,+49 172 3114207
new line,partnerCity,28359 Bremen
new line,partnerStreet,Mary-Astell-Str. 2
new line,partnerPhone,+49 421 38638-10
new position,,
new line,title,Disponent (m/w/d) für die internationale LKW-Disposition
new line,location,Budaörs
new line,description,Für unseren Standort Budaörs suchen wir zum nächstmöglichen Zeitpunkt einen Disponent/-in für die LKW-Disposition.
new line,tasks,Einkauf von Transportleistungen
new line,tasks,Optimierung von Teilpartien
new line,tasks,Verkauf an unsere Transportunternehmer
new line,tasks,Abrechnung der Dienstleistungen
new line,tasks,"Täglich müssen schnelle Entscheidungen getroffen werden, bei höchstmöglicher Qualität in der Ausführung. Nach einer entsprechenden Einarbeitungszeit sollen Sie diese Aufgaben eigenverantwortlich lösen."
new line,requirements,Ausbildung zum Kaufmann (m/w/d) für Spedition & Logistikdienstleistung oder ähnlich
new line,requirements,Erste Berufserfahrung in der operativen Disposition in einer Spedition
new line,requirements,Gute Kenntnisse des Office-Pakets
new line,requirements,Kommunikations- und Teamfähigkeit sowie eine selbständige Arbeitsweise
new line,requirements,Verhandlungssichere Ungarisch- und Deutschkenntnisse
new line,requirements,Gute Englischkenntnisse
new line,offer,"Die NEUFRA Speditions Gruppe ist ein international aufgestelltes mittelständisches Unternehmen mit 33 Niederlassungen in Europa. Mit mehr als 400 Mitarbeiter/innen leben wir eine offene Unternehmenskultur in einem persönlich geprägten Arbeitsumfeld. Unsere flachen Hierarchien fördern nicht nur ein kollegiales Miteinander, sondern auch eigenständiges Arbeiten mit eigenverantwortlichen Entscheidungen. Sie erwartet ein zukunftssicherer Arbeitsplatz mit dem Ziel einer langfristigen Zusammenarbeit. Zur Förderung Ihrer beruflichen und persönlichen Entwicklung werden Ihnen individuelle Weiterbildungsmöglichkeiten offeriert. Ferner besteht die Vergütung Ihrer Leistung aus attraktiven Gehältern, die mit weiteren Sozialleistungen ergänzt werden."
new line,other,
new line,partnerName,Christian Goldschmied
new line,partnerMobile,+36 30 7437175
new line,partnerCity,2040 H-Budaörs
new line,partnerStreet,Baross u. 89
new line,partnerPhone,+36 23 5047-38
new position,,
new line,title,Disponent (m/w/d) für die internationale LKW-Disposition
new line,location,Děčín
new line,description,Für unseren Standort Děčín suchen wir zum nächstmöglichen Zeitpunkt einen Disponent/-in für die LKW-Disposition.
new line,tasks,Einkauf von Transportleistungen
new line,tasks,Optimierung von Teilpartien
new line,tasks,Verkauf an unsere Transportunternehmer
new line,tasks,Abrechnung der Dienstleistungen
new line,tasks,"Täglich müssen schnelle Entscheidungen getroffen werden, bei höchstmöglicher Qualität in der Ausführung. Nach einer entsprechenden Einarbeitungszeit sollen Sie diese Aufgaben eigenverantwortlich lösen."
new line,requirements,Ausbildung zum Kaufmann (m/w/d) für Spedition & Logistikdienstleistung oder ähnlich
new line,requirements,Erste Berufserfahrung in der operativen Disposition in einer Spedition
new line,requirements,Gute Kenntnisse des Office-Pakets
new line,requirements,Kommunikations- und Teamfähigkeit sowie eine selbständige Arbeitsweise
new line,requirements,Verhandlungssichere Tschechisch- und Deutschkenntnisse
new line,requirements,Gute Englischkenntnisse
new line,offer,"Die NEUFRA Speditions Gruppe ist ein international aufgestelltes mittelständisches Unternehmen mit 33 Niederlassungen in Europa. Mit mehr als 400 Mitarbeiter/innen leben wir eine offene Unternehmenskultur in einem persönlich geprägten Arbeitsumfeld. Unsere flachen Hierarchien fördern nicht nur ein kollegiales Miteinander, sondern auch eigenständiges Arbeiten mit eigenverantwortlichen Entscheidungen. Sie erwartet ein zukunftssicherer Arbeitsplatz mit dem Ziel einer langfristigen Zusammenarbeit. Zur Förderung Ihrer beruflichen und persönlichen Entwicklung werden Ihnen individuelle Weiterbildungsmöglichkeiten offeriert. Ferner besteht die Vergütung Ihrer Leistung aus attraktiven Gehältern, die mit weiteren Sozialleistungen ergänzt werden."
new line,other,
new line,partnerName,Marcel Tschakert
new line,partnerMobile,+420 771 175 800
new line,partnerCity,405 02 Děčín
new line,partnerStreet,Folknářská 1246-21
new line,partnerPhone,+420 412 4391-31
new position,,
new line,title,Disponent (m/w/d) für die innerdeutsche LKW-Disposition
new line,location,Deggendorf
new line,description,Für unseren Standort Deggendorf suchen wir zum nächstmöglichen Zeitpunkt einen Disponent/-in für die LKW-Disposition.
new line,tasks,Einkauf von Transportleistungen
new line,tasks,Optimierung von Teilpartien
new line,tasks,Verkauf an unsere Transportunternehmer
new line,tasks,Abrechnung der Dienstleistungen
new line,tasks,"Täglich müssen schnelle Entscheidungen getroffen werden, bei höchstmöglicher Qualität in der Ausführung. Nach einer entsprechenden Einarbeitungszeit sollen Sie diese Aufgaben eigenverantwortlich lösen."
new line,requirements,Ausbildung zum Kaufmann (m/w/d) für Spedition & Logistikdienstleistung oder ähnlich
new line,requirements,Erste Berufserfahrung in der operativen Disposition in einer Spedition
new line,requirements,Gute Kenntnisse des Office-Pakets
new line,requirements,Kommunikations- und Teamfähigkeit sowie eine selbständige Arbeitsweise
new line,requirements,Gute Englischkenntnisse
new line,offer,"Die NEUFRA Speditions Gruppe ist ein international aufgestelltes mittelständisches Unternehmen mit 33 Niederlassungen in Europa. Mit mehr als 400 Mitarbeiter/innen leben wir eine offene Unternehmenskultur in einem persönlich geprägten Arbeitsumfeld. Unsere flachen Hierarchien fördern nicht nur ein kollegiales Miteinander, sondern auch eigenständiges Arbeiten mit eigenverantwortlichen Entscheidungen. Sie erwartet ein zukunftssicherer Arbeitsplatz mit dem Ziel einer langfristigen Zusammenarbeit. Zur Förderung Ihrer beruflichen und persönlichen Entwicklung werden Ihnen individuelle Weiterbildungsmöglichkeiten offeriert. Ferner besteht die Vergütung Ihrer Leistung aus attraktiven Gehältern, die mit weiteren Sozialleistungen ergänzt werden."
new line,other,
new line,partnerName,Peter Weigand
new line,partnerMobile,+49 175 5819365
new line,partnerCity,94469 Deggendorf
new line,partnerStreet,Graflinger Str. 29
new line,partnerPhone,+49 991 29033-100
new position,,
new line,title,Disponent (m/w/d) für die innerdeutsche LKW-Disposition
new line,location,Dresden
new line,description,Für unseren Standort Dresden suchen wir zum nächstmöglichen Zeitpunkt einen Disponent/-in für die LKW-Disposition.
new line,tasks,Einkauf von Transportleistungen
new line,tasks,Optimierung von Teilpartien
new line,tasks,Verkauf an unsere Transportunternehmer
new line,tasks,Abrechnung der Dienstleistungen
new line,tasks,"Täglich müssen schnelle Entscheidungen getroffen werden, bei höchstmöglicher Qualität in der Ausführung. Nach einer entsprechenden Einarbeitungszeit sollen Sie diese Aufgaben eigenverantwortlich lösen."
new line,requirements,Ausbildung zum Kaufmann (m/w/d) für Spedition & Logistikdienstleistung oder ähnlich
new line,requirements,Erste Berufserfahrung in der operativen Disposition in einer Spedition
new line,requirements,Gute Kenntnisse des Office-Pakets
new line,requirements,Kommunikations- und Teamfähigkeit sowie eine selbständige Arbeitsweise
new line,requirements,Gute Englischkenntnisse
new line,offer,"Die NEUFRA Speditions Gruppe ist ein international aufgestelltes mittelständisches Unternehmen mit 33 Niederlassungen in Europa. Mit mehr als 400 Mitarbeiter/innen leben wir eine offene Unternehmenskultur in einem persönlich geprägten Arbeitsumfeld. Unsere flachen Hierarchien fördern nicht nur ein kollegiales Miteinander, sondern auch eigenständiges Arbeiten mit eigenverantwortlichen Entscheidungen. Sie erwartet ein zukunftssicherer Arbeitsplatz mit dem Ziel einer langfristigen Zusammenarbeit. Zur Förderung Ihrer beruflichen und persönlichen Entwicklung werden Ihnen individuelle Weiterbildungsmöglichkeiten offeriert. Ferner besteht die Vergütung Ihrer Leistung aus attraktiven Gehältern, die mit weiteren Sozialleistungen ergänzt werden."
new line,other,
new line,partnerName,Dirk Hartig
new line,partnerMobile,+49 172 3936408
new line,partnerCity,01156 Dresden
new line,partnerStreet,Altnossener Str. 2b
new line,partnerPhone,+49 351 41663-10
new position,,
new line,title,Disponent (m/w/d) für die innerdeutsche LKW-Disposition
new line,location,Frankfurt
new line,description,Für unseren Standort Frankfurt suchen wir zum nächstmöglichen Zeitpunkt einen Disponent/-in für die LKW-Disposition.
new line,tasks,Einkauf von Transportleistungen
new line,tasks,Optimierung von Teilpartien
new line,tasks,Verkauf an unsere Transportunternehmer
new line,tasks,Abrechnung der Dienstleistungen
new line,tasks,"Täglich müssen schnelle Entscheidungen getroffen werden, bei höchstmöglicher Qualität in der Ausführung. Nach einer entsprechenden Einarbeitungszeit sollen Sie diese Aufgaben eigenverantwortlich lösen."
new line,requirements,Ausbildung zum Kaufmann (m/w/d) für Spedition & Logistikdienstleistung oder ähnlich
new line,requirements,Erste Berufserfahrung in der operativen Disposition in einer Spedition
new line,requirements,Gute Kenntnisse des Office-Pakets
new line,requirements,Kommunikations- und Teamfähigkeit sowie eine selbständige Arbeitsweise
new line,requirements,Gute Englischkenntnisse
new line,offer,"Die NEUFRA Speditions Gruppe ist ein international aufgestelltes mittelständisches Unternehmen mit 33 Niederlassungen in Europa. Mit mehr als 400 Mitarbeiter/innen leben wir eine offene Unternehmenskultur in einem persönlich geprägten Arbeitsumfeld. Unsere flachen Hierarchien fördern nicht nur ein kollegiales Miteinander, sondern auch eigenständiges Arbeiten mit eigenverantwortlichen Entscheidungen. Sie erwartet ein zukunftssicherer Arbeitsplatz mit dem Ziel einer langfristigen Zusammenarbeit. Zur Förderung Ihrer beruflichen und persönlichen Entwicklung werden Ihnen individuelle Weiterbildungsmöglichkeiten offeriert. Ferner besteht die Vergütung Ihrer Leistung aus attraktiven Gehältern, die mit weiteren Sozialleistungen ergänzt werden."
new line,other,
new line,partnerName,Frank Steinheimer
new line,partnerMobile,+49 175 2600612
new line,partnerCity,60437 Frankfurt
new line,partnerStreet,Heinrich-Lanz-Allee 2-4
new line,partnerPhone,+49 69 380337-61
new position,,
new line,title,Disponent (m/w/d) für die internationale LKW-Disposition
new line,location,Frankfurt
new line,description,Für unseren Standort Frankfurt suchen wir zum nächstmöglichen Zeitpunkt einen Disponent/-in für die LKW-Disposition.
new line,tasks,Einkauf von Transportleistungen
new line,tasks,Optimierung von Teilpartien
new line,tasks,Verkauf an unsere Transportunternehmer
new line,tasks,Abrechnung der Dienstleistungen
new line,tasks,"Täglich müssen schnelle Entscheidungen getroffen werden, bei höchstmöglicher Qualität in der Ausführung. Nach einer entsprechenden Einarbeitungszeit sollen Sie diese Aufgaben eigenverantwortlich lösen."
new line,requirements,Ausbildung zum Kaufmann (m/w/d) für Spedition & Logistikdienstleistung oder ähnlich
new line,requirements,Erste Berufserfahrung in der operativen Disposition in einer Spedition
new line,requirements,Gute Kenntnisse des Office-Pakets
new line,requirements,Kommunikations- und Teamfähigkeit sowie eine selbständige Arbeitsweise
new line,requirements,Gute Englischkenntnisse
new line,offer,"Die NEUFRA Speditions Gruppe ist ein international aufgestelltes mittelständisches Unternehmen mit 33 Niederlassungen in Europa. Mit mehr als 400 Mitarbeiter/innen leben wir eine offene Unternehmenskultur in einem persönlich geprägten Arbeitsumfeld. Unsere flachen Hierarchien fördern nicht nur ein kollegiales Miteinander, sondern auch eigenständiges Arbeiten mit eigenverantwortlichen Entscheidungen. Sie erwartet ein zukunftssicherer Arbeitsplatz mit dem Ziel einer langfristigen Zusammenarbeit. Zur Förderung Ihrer beruflichen und persönlichen Entwicklung werden Ihnen individuelle Weiterbildungsmöglichkeiten offeriert. Ferner besteht die Vergütung Ihrer Leistung aus attraktiven Gehältern, die mit weiteren Sozialleistungen ergänzt werden."
new line,other,
new line,partnerName,Frank Steinheimer
new line,partnerMobile,+49 175 2600612
new line,partnerCity,60437 Frankfurt
new line,partnerStreet,Heinrich-Lanz-Allee 2-4
new line,partnerPhone,+49 69 380337-61
new position,,
new line,title,Sachbearbeiter (m/w/d) für die Verwaltung
new line,location,Frankfurt
new line,description,Für unseren Standort Frankfurt suchen wir zum nächstmöglichen Zeitpunkt einen Disponent/-in für die LKW-Disposition.
new line,tasks,Zuordnung und Archivierung von Frachtpapieren
new line,tasks,Abrechnung der Dienstleistungen
new line,tasks,Erfassung und Abrechnung von Lademittelbewegungen
new line,tasks,Nach einer entsprechenden Einarbeitungszeit sollen Sie diese Aufgaben eigenverantwortlich lösen.
new line,requirements,Ausbildung zum Kaufmann (m/w/d) für Büromanagement oder ähnlich
new line,requirements,Erste Berufserfahrung im Speditionsgewerbe von Vorteil
new line,requirements,Gute Kenntnisse des Office-Pakets
new line,requirements,Kommunikations- und Teamfähigkeit sowie eine selbständige Arbeitsweise
new line,requirements,Gute Englischkenntnisse
new line,offer,"Die NEUFRA Speditions Gruppe ist ein international aufgestelltes mittelständisches Unternehmen mit 33 Niederlassungen in Europa. Mit mehr als 400 Mitarbeiter/innen leben wir eine offene Unternehmenskultur in einem persönlich geprägten Arbeitsumfeld. Unsere flachen Hierarchien fördern nicht nur ein kollegiales Miteinander, sondern auch eigenständiges Arbeiten mit eigenverantwortlichen Entscheidungen. Sie erwartet ein zukunftssicherer Arbeitsplatz mit dem Ziel einer langfristigen Zusammenarbeit. Zur Förderung Ihrer beruflichen und persönlichen Entwicklung werden Ihnen individuelle Weiterbildungsmöglichkeiten offeriert. Ferner besteht die Vergütung Ihrer Leistung aus attraktiven Gehältern, die mit weiteren Sozialleistungen ergänzt werden."
new line,other,
new line,partnerName,Frank Steinheimer
new line,partnerMobile,+49 175 2600612
new line,partnerCity,60437 Frankfurt
new line,partnerStreet,Heinrich-Lanz-Allee 2-4
new line,partnerPhone,+49 69 380337-61
new position,,
new line,title,Disponent (m/w/d) für die innerdeutsche LKW-Disposition
new line,location,Hamburg
new line,description,Für unseren Standort Hamburg suchen wir zum nächstmöglichen Zeitpunkt einen Disponent/-in für die LKW-Disposition.
new line,tasks,Einkauf von Transportleistungen
new line,tasks,Optimierung von Teilpartien
new line,tasks,Verkauf an unsere Transportunternehmer
new line,tasks,Abrechnung der Dienstleistungen
new line,tasks,"Täglich müssen schnelle Entscheidungen getroffen werden, bei höchstmöglicher Qualität in der Ausführung. Nach einer entsprechenden Einarbeitungszeit sollen Sie diese Aufgaben eigenverantwortlich lösen."
new line,requirements,Ausbildung zum Kaufmann (m/w/d) für Spedition & Logistikdienstleistung oder ähnlich
new line,requirements,Erste Berufserfahrung in der operativen Disposition in einer Spedition
new line,requirements,Gute Kenntnisse des Office-Pakets
new line,requirements,Kommunikations- und Teamfähigkeit sowie eine selbständige Arbeitsweise
new line,requirements,Gute Englischkenntnisse
new line,offer,"Die NEUFRA Speditions Gruppe ist ein international aufgestelltes mittelständisches Unternehmen mit 33 Niederlassungen in Europa. Mit mehr als 400 Mitarbeiter/innen leben wir eine offene Unternehmenskultur in einem persönlich geprägten Arbeitsumfeld. Unsere flachen Hierarchien fördern nicht nur ein kollegiales Miteinander, sondern auch eigenständiges Arbeiten mit eigenverantwortlichen Entscheidungen. Sie erwartet ein zukunftssicherer Arbeitsplatz mit dem Ziel einer langfristigen Zusammenarbeit. Zur Förderung Ihrer beruflichen und persönlichen Entwicklung werden Ihnen individuelle Weiterbildungsmöglichkeiten offeriert. Ferner besteht die Vergütung Ihrer Leistung aus attraktiven Gehältern, die mit weiteren Sozialleistungen ergänzt werden."
new line,other,
new line,partnerName,Frank Panitzki
new line,partnerMobile,+49 172 1634319
new line,partnerCity,20097 Hamburg
new line,partnerStreet,Wendenstraße 1 A
new line,partnerPhone,+49 40 254027-10
new position,,
new line,title,Disponent (m/w/d) für die internationale LKW-Disposition
new line,location,Hamburg
new line,description,Für unseren Standort Hamburg suchen wir zum nächstmöglichen Zeitpunkt einen Disponent/-in für die LKW-Disposition.
new line,tasks,Einkauf von Transportleistungen
new line,tasks,Optimierung von Teilpartien
new line,tasks,Verkauf an unsere Transportunternehmer
new line,tasks,Abrechnung der Dienstleistungen
new line,tasks,"Täglich müssen schnelle Entscheidungen getroffen werden, bei höchstmöglicher Qualität in der Ausführung. Nach einer entsprechenden Einarbeitungszeit sollen Sie diese Aufgaben eigenverantwortlich lösen."
new line,requirements,Ausbildung zum Kaufmann (m/w/d) für Spedition & Logistikdienstleistung oder ähnlich
new line,requirements,Erste Berufserfahrung in der operativen Disposition in einer Spedition
new line,requirements,Gute Kenntnisse des Office-Pakets
new line,requirements,Kommunikations- und Teamfähigkeit sowie eine selbständige Arbeitsweise
new line,requirements,Gute Englischkenntnisse
new line,offer,"Die NEUFRA Speditions Gruppe ist ein international aufgestelltes mittelständisches Unternehmen mit 33 Niederlassungen in Europa. Mit mehr als 400 Mitarbeiter/innen leben wir eine offene Unternehmenskultur in einem persönlich geprägten Arbeitsumfeld. Unsere flachen Hierarchien fördern nicht nur ein kollegiales Miteinander, sondern auch eigenständiges Arbeiten mit eigenverantwortlichen Entscheidungen. Sie erwartet ein zukunftssicherer Arbeitsplatz mit dem Ziel einer langfristigen Zusammenarbeit. Zur Förderung Ihrer beruflichen und persönlichen Entwicklung werden Ihnen individuelle Weiterbildungsmöglichkeiten offeriert. Ferner besteht die Vergütung Ihrer Leistung aus attraktiven Gehältern, die mit weiteren Sozialleistungen ergänzt werden."
new line,other,
new line,partnerName,Frank Panitzki
new line,partnerMobile,+49 172 1634319
new line,partnerCity,20097 Hamburg
new line,partnerStreet,Wendenstraße 1 A
new line,partnerPhone,+49 40 254027-10
new position,,
new line,title,Disponent (m/w/d) für die innerdeutsche LKW-Disposition
new line,location,Kehl
new line,description,Für unseren Standort Kehl suchen wir zum nächstmöglichen Zeitpunkt einen Disponent/-in für die LKW-Disposition.
new line,tasks,Einkauf von Transportleistungen
new line,tasks,Optimierung von Teilpartien
new line,tasks,Verkauf an unsere Transportunternehmer
new line,tasks,Abrechnung der Dienstleistungen
new line,tasks,"Täglich müssen schnelle Entscheidungen getroffen werden, bei höchstmöglicher Qualität in der Ausführung. Nach einer entsprechenden Einarbeitungszeit sollen Sie diese Aufgaben eigenverantwortlich lösen."
new line,requirements,Ausbildung zum Kaufmann (m/w/d) für Spedition & Logistikdienstleistung oder ähnlich
new line,requirements,Erste Berufserfahrung in der operativen Disposition in einer Spedition
new line,requirements,Gute Kenntnisse des Office-Pakets
new line,requirements,Kommunikations- und Teamfähigkeit sowie eine selbständige Arbeitsweise
new line,requirements,Gute Englischkenntnisse
new line,offer,"Die NEUFRA Speditions Gruppe ist ein international aufgestelltes mittelständisches Unternehmen mit 33 Niederlassungen in Europa. Mit mehr als 400 Mitarbeiter/innen leben wir eine offene Unternehmenskultur in einem persönlich geprägten Arbeitsumfeld. Unsere flachen Hierarchien fördern nicht nur ein kollegiales Miteinander, sondern auch eigenständiges Arbeiten mit eigenverantwortlichen Entscheidungen. Sie erwartet ein zukunftssicherer Arbeitsplatz mit dem Ziel einer langfristigen Zusammenarbeit. Zur Förderung Ihrer beruflichen und persönlichen Entwicklung werden Ihnen individuelle Weiterbildungsmöglichkeiten offeriert. Ferner besteht die Vergütung Ihrer Leistung aus attraktiven Gehältern, die mit weiteren Sozialleistungen ergänzt werden."
new line,other,
new line,partnerName,Georg Kux
new line,partnerMobile,+49 176 70002488
new line,partnerCity,77694 Kehl
new line,partnerStreet,Am Sundheimer Fort 1
new line,partnerPhone,+49 7851 8989-10
new position,,
new line,title,Disponent (m/w/d) für die internationale LKW-Disposition
new line,location,Kehl
new line,description,Für unseren Standort Kehl suchen wir zum nächstmöglichen Zeitpunkt einen Disponent/-in für die LKW-Disposition.
new line,tasks,Einkauf von Transportleistungen
new line,tasks,Optimierung von Teilpartien
new line,tasks,Verkauf an unsere Transportunternehmer
new line,tasks,Abrechnung der Dienstleistungen
new line,tasks,"Täglich müssen schnelle Entscheidungen getroffen werden, bei höchstmöglicher Qualität in der Ausführung. Nach einer entsprechenden Einarbeitungszeit sollen Sie diese Aufgaben eigenverantwortlich lösen."
new line,requirements,Ausbildung zum Kaufmann (m/w/d) für Spedition & Logistikdienstleistung oder ähnlich
new line,requirements,Erste Berufserfahrung in der operativen Disposition in einer Spedition
new line,requirements,Gute Kenntnisse des Office-Pakets
new line,requirements,Kommunikations- und Teamfähigkeit sowie eine selbständige Arbeitsweise
new line,requirements,Gute Englischkenntnisse
new line,offer,"Die NEUFRA Speditions Gruppe ist ein international aufgestelltes mittelständisches Unternehmen mit 33 Niederlassungen in Europa. Mit mehr als 400 Mitarbeiter/innen leben wir eine offene Unternehmenskultur in einem persönlich geprägten Arbeitsumfeld. Unsere flachen Hierarchien fördern nicht nur ein kollegiales Miteinander, sondern auch eigenständiges Arbeiten mit eigenverantwortlichen Entscheidungen. Sie erwartet ein zukunftssicherer Arbeitsplatz mit dem Ziel einer langfristigen Zusammenarbeit. Zur Förderung Ihrer beruflichen und persönlichen Entwicklung werden Ihnen individuelle Weiterbildungsmöglichkeiten offeriert. Ferner besteht die Vergütung Ihrer Leistung aus attraktiven Gehältern, die mit weiteren Sozialleistungen ergänzt werden."
new line,other,
new line,partnerName,Georg Kux
new line,partnerMobile,+49 176 70002488
new line,partnerCity,77694 Kehl
new line,partnerStreet,Am Sundheimer Fort 1
new line,partnerPhone,+49 7851 8989-10
new position,,
new line,title,Disponent (m/w/d) für die innerdeutsche LKW-Disposition
new line,location,Leipzig
new line,description,Für unseren Standort Leipzig suchen wir zum nächstmöglichen Zeitpunkt einen Disponent/-in für die LKW-Disposition.
new line,tasks,Einkauf von Transportleistungen
new line,tasks,Optimierung von Teilpartien
new line,tasks,Verkauf an unsere Transportunternehmer
new line,tasks,Abrechnung der Dienstleistungen
new line,tasks,"Täglich müssen schnelle Entscheidungen getroffen werden, bei höchstmöglicher Qualität in der Ausführung. Nach einer entsprechenden Einarbeitungszeit sollen Sie diese Aufgaben eigenverantwortlich lösen."
new line,requirements,Ausbildung zum Kaufmann (m/w/d) für Spedition & Logistikdienstleistung oder ähnlich
new line,requirements,Erste Berufserfahrung in der operativen Disposition in einer Spedition
new line,requirements,Gute Kenntnisse des Office-Pakets
new line,requirements,Kommunikations- und Teamfähigkeit sowie eine selbständige Arbeitsweise
new line,requirements,Gute Englischkenntnisse
new line,offer,"Die NEUFRA Speditions Gruppe ist ein international aufgestelltes mittelständisches Unternehmen mit 33 Niederlassungen in Europa. Mit mehr als 400 Mitarbeiter/innen leben wir eine offene Unternehmenskultur in einem persönlich geprägten Arbeitsumfeld. Unsere flachen Hierarchien fördern nicht nur ein kollegiales Miteinander, sondern auch eigenständiges Arbeiten mit eigenverantwortlichen Entscheidungen. Sie erwartet ein zukunftssicherer Arbeitsplatz mit dem Ziel einer langfristigen Zusammenarbeit. Zur Förderung Ihrer beruflichen und persönlichen Entwicklung werden Ihnen individuelle Weiterbildungsmöglichkeiten offeriert. Ferner besteht die Vergütung Ihrer Leistung aus attraktiven Gehältern, die mit weiteren Sozialleistungen ergänzt werden."
new line,other,
new line,partnerName,Sebastian Wiesemann
new line,partnerMobile,+49 172 3917185
new line,partnerCity,04347 Leipzig
new line,partnerStreet,Braunstr. 22
new line,partnerPhone,+49 341 24452-10
new position,,
new line,title,Disponent (m/w/d) für die internationale LKW-Disposition
new line,location,Linz
new line,description,Für unseren Standort Linz suchen wir zum nächstmöglichen Zeitpunkt einen Disponent/-in für die LKW-Disposition.
new line,tasks,Einkauf von Transportleistungen
new line,tasks,Optimierung von Teilpartien
new line,tasks,Verkauf an unsere Transportunternehmer
new line,tasks,Abrechnung der Dienstleistungen
new line,tasks,"Täglich müssen schnelle Entscheidungen getroffen werden, bei höchstmöglicher Qualität in der Ausführung. Nach einer entsprechenden Einarbeitungszeit sollen Sie diese Aufgaben eigenverantwortlich lösen."
new line,requirements,Ausbildung zum Kaufmann (m/w/d) für Spedition & Logistikdienstleistung oder ähnlich
new line,requirements,Erste Berufserfahrung in der operativen Disposition in einer Spedition
new line,requirements,Gute Kenntnisse des Office-Pakets
new line,requirements,Kommunikations- und Teamfähigkeit sowie eine selbständige Arbeitsweise
new line,requirements,Gute Englischkenntnisse
new line,offer,"Die NEUFRA Speditions Gruppe ist ein international aufgestelltes mittelständisches Unternehmen mit 33 Niederlassungen in Europa. Mit mehr als 400 Mitarbeiter/innen leben wir eine offene Unternehmenskultur in einem persönlich geprägten Arbeitsumfeld. Unsere flachen Hierarchien fördern nicht nur ein kollegiales Miteinander, sondern auch eigenständiges Arbeiten mit eigenverantwortlichen Entscheidungen. Sie erwartet ein zukunftssicherer Arbeitsplatz mit dem Ziel einer langfristigen Zusammenarbeit. Zur Förderung Ihrer beruflichen und persönlichen Entwicklung werden Ihnen individuelle Weiterbildungsmöglichkeiten offeriert. Ferner besteht die Vergütung Ihrer Leistung aus attraktiven Gehältern, die mit weiteren Sozialleistungen ergänzt werden."
new line,other,
new line,partnerName,Josef Kern
new line,partnerMobile,+43 676 88867300
new line,partnerCity,4030 A-Linz
new line,partnerStreet,Bäckermühlweg 59
new line,partnerPhone,+43 732 380859-10
new position,,
new line,title,Disponent (m/w/d) für die innerdeutsche LKW-Disposition
new line,location,Magdeburg
new line,description,Für unseren Standort Magdeburg suchen wir zum nächstmöglichen Zeitpunkt einen Disponent/-in für die LKW-Disposition.
new line,tasks,Einkauf von Transportleistungen
new line,tasks,Optimierung von Teilpartien
new line,tasks,Verkauf an unsere Transportunternehmer
new line,tasks,Abrechnung der Dienstleistungen
new line,tasks,"Täglich müssen schnelle Entscheidungen getroffen werden, bei höchstmöglicher Qualität in der Ausführung. Nach einer entsprechenden Einarbeitungszeit sollen Sie diese Aufgaben eigenverantwortlich lösen."
new line,requirements,Ausbildung zum Kaufmann (m/w/d) für Spedition & Logistikdienstleistung oder ähnlich
new line,requirements,Erste Berufserfahrung in der operativen Disposition in einer Spedition
new line,requirements,Gute Kenntnisse des Office-Pakets
new line,requirements,Kommunikations- und Teamfähigkeit sowie eine selbständige Arbeitsweise
new line,requirements,Gute Englischkenntnisse
new line,offer,"Die NEUFRA Speditions Gruppe ist ein international aufgestelltes mittelständisches Unternehmen mit 33 Niederlassungen in Europa. Mit mehr als 400 Mitarbeiter/innen leben wir eine offene Unternehmenskultur in einem persönlich geprägten Arbeitsumfeld. Unsere flachen Hierarchien fördern nicht nur ein kollegiales Miteinander, sondern auch eigenständiges Arbeiten mit eigenverantwortlichen Entscheidungen. Sie erwartet ein zukunftssicherer Arbeitsplatz mit dem Ziel einer langfristigen Zusammenarbeit. Zur Förderung Ihrer beruflichen und persönlichen Entwicklung werden Ihnen individuelle Weiterbildungsmöglichkeiten offeriert. Ferner besteht die Vergütung Ihrer Leistung aus attraktiven Gehältern, die mit weiteren Sozialleistungen ergänzt werden."
new line,other,
new line,partnerName,David Genzel
new line,partnerMobile,+49 162 2837284
new line,partnerCity,39116 Magdeburg
new line,partnerStreet,Werner-von-Siemens-Ring 8
new line,partnerPhone,+49 391 506601-10
new position,,
new line,title,Disponent (m/w/d) für die innerdeutsche LKW-Disposition
new line,location,Mannheim
new line,description,Für unseren Standort Mannheim suchen wir zum nächstmöglichen Zeitpunkt einen Disponent/-in für die LKW-Disposition.
new line,tasks,Einkauf von Transportleistungen
new line,tasks,Optimierung von Teilpartien
new line,tasks,Verkauf an unsere Transportunternehmer
new line,tasks,Abrechnung der Dienstleistungen
new line,tasks,"Täglich müssen schnelle Entscheidungen getroffen werden, bei höchstmöglicher Qualität in der Ausführung. Nach einer entsprechenden Einarbeitungszeit sollen Sie diese Aufgaben eigenverantwortlich lösen."
new line,requirements,Ausbildung zum Kaufmann (m/w/d) für Spedition & Logistikdienstleistung oder ähnlich
new line,requirements,Erste Berufserfahrung in der operativen Disposition in einer Spedition
new line,requirements,Gute Kenntnisse des Office-Pakets
new line,requirements,Kommunikations- und Teamfähigkeit sowie eine selbständige Arbeitsweise
new line,requirements,Gute Englischkenntnisse
new line,offer,"Die NEUFRA Speditions Gruppe ist ein international aufgestelltes mittelständisches Unternehmen mit 33 Niederlassungen in Europa. Mit mehr als 400 Mitarbeiter/innen leben wir eine offene Unternehmenskultur in einem persönlich geprägten Arbeitsumfeld. Unsere flachen Hierarchien fördern nicht nur ein kollegiales Miteinander, sondern auch eigenständiges Arbeiten mit eigenverantwortlichen Entscheidungen. Sie erwartet ein zukunftssicherer Arbeitsplatz mit dem Ziel einer langfristigen Zusammenarbeit. Zur Förderung Ihrer beruflichen und persönlichen Entwicklung werden Ihnen individuelle Weiterbildungsmöglichkeiten offeriert. Ferner besteht die Vergütung Ihrer Leistung aus attraktiven Gehältern, die mit weiteren Sozialleistungen ergänzt werden."
new line,other,
new line,partnerName,Stefan Priewe
new line,partnerMobile,+49 175 2600630
new line,partnerCity,68219 Mannheim
new line,partnerStreet,Besselstr. 9
new line,partnerPhone,+49 621 4328-100
new position,,
new line,title,Disponent (m/w/d) für die innerdeutsche LKW-Disposition
new line,location,Memmingen
new line,description,Für unseren Standort Memmingen suchen wir zum nächstmöglichen Zeitpunkt einen Disponent/-in für die LKW-Disposition.
new line,tasks,Einkauf von Transportleistungen
new line,tasks,Optimierung von Teilpartien
new line,tasks,Verkauf an unsere Transportunternehmer
new line,tasks,Abrechnung der Dienstleistungen
new line,tasks,"Täglich müssen schnelle Entscheidungen getroffen werden, bei höchstmöglicher Qualität in der Ausführung. Nach einer entsprechenden Einarbeitungszeit sollen Sie diese Aufgaben eigenverantwortlich lösen."
new line,requirements,Ausbildung zum Kaufmann (m/w/d) für Spedition & Logistikdienstleistung oder ähnlich
new line,requirements,Erste Berufserfahrung in der operativen Disposition in einer Spedition
new line,requirements,Gute Kenntnisse des Office-Pakets
new line,requirements,Kommunikations- und Teamfähigkeit sowie eine selbständige Arbeitsweise
new line,requirements,Gute Englischkenntnisse
new line,offer,"Die NEUFRA Speditions Gruppe ist ein international aufgestelltes mittelständisches Unternehmen mit 33 Niederlassungen in Europa. Mit mehr als 400 Mitarbeiter/innen leben wir eine offene Unternehmenskultur in einem persönlich geprägten Arbeitsumfeld. Unsere flachen Hierarchien fördern nicht nur ein kollegiales Miteinander, sondern auch eigenständiges Arbeiten mit eigenverantwortlichen Entscheidungen. Sie erwartet ein zukunftssicherer Arbeitsplatz mit dem Ziel einer langfristigen Zusammenarbeit. Zur Förderung Ihrer beruflichen und persönlichen Entwicklung werden Ihnen individuelle Weiterbildungsmöglichkeiten offeriert. Ferner besteht die Vergütung Ihrer Leistung aus attraktiven Gehältern, die mit weiteren Sozialleistungen ergänzt werden."
new line,other,
new line,partnerName,Peter Reindl
new line,partnerMobile,
new line,partnerCity,87740 Buxheim bei Memmingen
new line,partnerStreet,Rudolf-Diesel-Str. 2
new line,partnerPhone,+49 89 748124-10
new position,,
new line,title,Disponent (m/w/d) für die internationale LKW-Disposition
new line,location,München
new line,description,Für unseren Standort München suchen wir zum nächstmöglichen Zeitpunkt einen Disponent/-in für die LKW-Disposition.
new line,tasks,Einkauf von Transportleistungen
new line,tasks,Optimierung von Teilpartien
new line,tasks,Verkauf an unsere Transportunternehmer
new line,tasks,Abrechnung der Dienstleistungen
new line,tasks,"Täglich müssen schnelle Entscheidungen getroffen werden, bei höchstmöglicher Qualität in der Ausführung. Nach einer entsprechenden Einarbeitungszeit sollen Sie diese Aufgaben eigenverantwortlich lösen."
new line,requirements,Ausbildung zum Kaufmann (m/w/d) für Spedition & Logistikdienstleistung oder ähnlich
new line,requirements,Erste Berufserfahrung in der operativen Disposition in einer Spedition
new line,requirements,Gute Kenntnisse des Office-Pakets
new line,requirements,Kommunikations- und Teamfähigkeit sowie eine selbständige Arbeitsweise
new line,requirements,Gute Englischkenntnisse
new line,offer,"Die NEUFRA Speditions Gruppe ist ein international aufgestelltes mittelständisches Unternehmen mit 33 Niederlassungen in Europa. Mit mehr als 400 Mitarbeiter/innen leben wir eine offene Unternehmenskultur in einem persönlich geprägten Arbeitsumfeld. Unsere flachen Hierarchien fördern nicht nur ein kollegiales Miteinander, sondern auch eigenständiges Arbeiten mit eigenverantwortlichen Entscheidungen. Sie erwartet ein zukunftssicherer Arbeitsplatz mit dem Ziel einer langfristigen Zusammenarbeit. Zur Förderung Ihrer beruflichen und persönlichen Entwicklung werden Ihnen individuelle Weiterbildungsmöglichkeiten offeriert. Ferner besteht die Vergütung Ihrer Leistung aus attraktiven Gehältern, die mit weiteren Sozialleistungen ergänzt werden."
new line,other,
new line,partnerName,Peter Reindl
new line,partnerMobile,
new line,partnerCity,81379 München
new line,partnerStreet,Kistlerhofstr. 168
new line,partnerPhone,+49 89 748124-10
new position,,
new line,title,Disponent (m/w/d) für die internationale LKW-Disposition
new line,location,Neuss
new line,description,Für unseren Standort Neuss suchen wir zum nächstmöglichen Zeitpunkt einen Disponent/-in für die LKW-Disposition.
new line,tasks,Einkauf von Transportleistungen
new line,tasks,Optimierung von Teilpartien
new line,tasks,Verkauf an unsere Transportunternehmer
new line,tasks,Abrechnung der Dienstleistungen
new line,tasks,"Täglich müssen schnelle Entscheidungen getroffen werden, bei höchstmöglicher Qualität in der Ausführung. Nach einer entsprechenden Einarbeitungszeit sollen Sie diese Aufgaben eigenverantwortlich lösen."
new line,requirements,Ausbildung zum Kaufmann (m/w/d) für Spedition & Logistikdienstleistung oder ähnlich
new line,requirements,Erste Berufserfahrung in der operativen Disposition in einer Spedition
new line,requirements,Gute Kenntnisse des Office-Pakets
new line,requirements,Kommunikations- und Teamfähigkeit sowie eine selbständige Arbeitsweise
new line,requirements,Gute Englischkenntnisse
new line,offer,"Die NEUFRA Speditions Gruppe ist ein international aufgestelltes mittelständisches Unternehmen mit 33 Niederlassungen in Europa. Mit mehr als 400 Mitarbeiter/innen leben wir eine offene Unternehmenskultur in einem persönlich geprägten Arbeitsumfeld. Unsere flachen Hierarchien fördern nicht nur ein kollegiales Miteinander, sondern auch eigenständiges Arbeiten mit eigenverantwortlichen Entscheidungen. Sie erwartet ein zukunftssicherer Arbeitsplatz mit dem Ziel einer langfristigen Zusammenarbeit. Zur Förderung Ihrer beruflichen und persönlichen Entwicklung werden Ihnen individuelle Weiterbildungsmöglichkeiten offeriert. Ferner besteht die Vergütung Ihrer Leistung aus attraktiven Gehältern, die mit weiteren Sozialleistungen ergänzt werden."
new line,other,
new line,partnerName,Markus Drillges
new line,partnerMobile,+49 162 2439550
new line,partnerCity,41464 Neuss
new line,partnerStreet,Moselstr. 8
new line,partnerPhone,+49 2131 4075-201
new position,,
new line,title,Disponent (m/w/d) für die innerdeutsche LKW-Disposition
new line,location,Nürnberg
new line,description,Für unseren Standort Nürnberg suchen wir zum nächstmöglichen Zeitpunkt einen Disponent/-in für die LKW-Disposition.
new line,tasks,Einkauf von Transportleistungen
new line,tasks,Optimierung von Teilpartien
new line,tasks,Verkauf an unsere Transportunternehmer
new line,tasks,Abrechnung der Dienstleistungen
new line,tasks,"Täglich müssen schnelle Entscheidungen getroffen werden, bei höchstmöglicher Qualität in der Ausführung. Nach einer entsprechenden Einarbeitungszeit sollen Sie diese Aufgaben eigenverantwortlich lösen."
new line,requirements,Ausbildung zum Kaufmann (m/w/d) für Spedition & Logistikdienstleistung oder ähnlich
new line,requirements,Erste Berufserfahrung in der operativen Disposition in einer Spedition
new line,requirements,Gute Kenntnisse des Office-Pakets
new line,requirements,Kommunikations- und Teamfähigkeit sowie eine selbständige Arbeitsweise
new line,requirements,Gute Englischkenntnisse
new line,offer,"Die NEUFRA Speditions Gruppe ist ein international aufgestelltes mittelständisches Unternehmen mit 33 Niederlassungen in Europa. Mit mehr als 400 Mitarbeiter/innen leben wir eine offene Unternehmenskultur in einem persönlich geprägten Arbeitsumfeld. Unsere flachen Hierarchien fördern nicht nur ein kollegiales Miteinander, sondern auch eigenständiges Arbeiten mit eigenverantwortlichen Entscheidungen. Sie erwartet ein zukunftssicherer Arbeitsplatz mit dem Ziel einer langfristigen Zusammenarbeit. Zur Förderung Ihrer beruflichen und persönlichen Entwicklung werden Ihnen individuelle Weiterbildungsmöglichkeiten offeriert. Ferner besteht die Vergütung Ihrer Leistung aus attraktiven Gehältern, die mit weiteren Sozialleistungen ergänzt werden."
new line,other,
new line,partnerName,Bernhard Engel
new line,partnerMobile,+49 172 3840060
new line,partnerCity,90471 Nürnberg
new line,partnerStreet,Lina-Ammon-Str. 9
new line,partnerPhone,+49 911 99897-100
new position,,
new line,title,Disponent (m/w/d) für die internationale LKW-Disposition
new line,location,Poznan
new line,description,Für unseren Standort Poznan suchen wir zum nächstmöglichen Zeitpunkt einen Disponent (m/w/d) für die innerdeutsche LKW-Disposition.
new line,tasks,Einkauf von Transportleistungen
new line,tasks,Optimierung von Teilpartien
new line,tasks,Verkauf an unsere Transportunternehmer
new line,tasks,Abrechnung der Dienstleistungen
new line,tasks,"Täglich müssen schnelle Entscheidungen getroffen werden, bei höchstmöglicher Qualität in der Ausführung. Nach einer entsprechenden Einarbeitungszeit sollen Sie diese Aufgaben eigenverantwortlich lösen."
new line,requirements,Ausbildung zum Kaufmann (m/w/d) für Spedition & Logistikdienstleistung oder ähnlich
new line,requirements,Erste Berufserfahrung in der operativen Disposition in einer Spedition
new line,requirements,Gute Kenntnisse des Office-Pakets
new line,requirements,Kommunikations- und Teamfähigkeit sowie eine selbständige Arbeitsweise
new line,requirements,Verhandlungssichere Polnisch- und Deutschkenntnisse
new line,requirements,Gute Englischkenntnisse
new line,offer,"Die NEUFRA Speditions Gruppe ist ein international aufgestelltes mittelständisches Unternehmen mit 33 Niederlassungen in Europa. Mit mehr als 400 Mitarbeiter/innen leben wir eine offene Unternehmenskultur in einem persönlich geprägten Arbeitsumfeld. Unsere flachen Hierarchien fördern nicht nur ein kollegiales Miteinander, sondern auch eigenständiges Arbeiten mit eigenverantwortlichen Entscheidungen. Sie erwartet ein zukunftssicherer Arbeitsplatz mit dem Ziel einer langfristigen Zusammenarbeit. Zur Förderung Ihrer beruflichen und persönlichen Entwicklung werden Ihnen individuelle Weiterbildungsmöglichkeiten offeriert. Ferner besteht die Vergütung Ihrer Leistung aus attraktiven Gehältern, die mit weiteren Sozialleistungen ergänzt werden."
new line,other,
new line,partnerName,Piotr Grochowski
new line,partnerMobile,+48 50 7923326
new line,partnerCity,PL-61-441 Poznan
new line,partnerStreet,UL.28 Czerwca 1956 r. nr 398
new line,partnerPhone,+48 61 22756-10
new position,,
new line,title,Disponent (m/w/d) für die innerdeutsche LKW-Disposition
new line,location,Waren
new line,description,Für unseren Standort Waren suchen wir zum nächstmöglichen Zeitpunkt einen Disponent/-in für die LKW-Disposition.
new line,tasks,Einkauf von Transportleistungen
new line,tasks,Optimierung von Teilpartien
new line,tasks,Verkauf an unsere Transportunternehmer
new line,tasks,Abrechnung der Dienstleistungen
new line,tasks,"Täglich müssen schnelle Entscheidungen getroffen werden, bei höchstmöglicher Qualität in der Ausführung. Nach einer entsprechenden Einarbeitungszeit sollen Sie diese Aufgaben eigenverantwortlich lösen."
new line,requirements,Ausbildung zum Kaufmann (m/w/d) für Spedition & Logistikdienstleistung oder ähnlich
new line,requirements,Erste Berufserfahrung in der operativen Disposition in einer Spedition
new line,requirements,Gute Kenntnisse des Office-Pakets
new line,requirements,Kommunikations- und Teamfähigkeit sowie eine selbständige Arbeitsweise
new line,requirements,Gute Englischkenntnisse
new line,offer,"Die NEUFRA Speditions Gruppe ist ein international aufgestelltes mittelständisches Unternehmen mit 33 Niederlassungen in Europa. Mit mehr als 400 Mitarbeiter/innen leben wir eine offene Unternehmenskultur in einem persönlich geprägten Arbeitsumfeld. Unsere flachen Hierarchien fördern nicht nur ein kollegiales Miteinander, sondern auch eigenständiges Arbeiten mit eigenverantwortlichen Entscheidungen. Sie erwartet ein zukunftssicherer Arbeitsplatz mit dem Ziel einer langfristigen Zusammenarbeit. Zur Förderung Ihrer beruflichen und persönlichen Entwicklung werden Ihnen individuelle Weiterbildungsmöglichkeiten offeriert. Ferner besteht die Vergütung Ihrer Leistung aus attraktiven Gehältern, die mit weiteren Sozialleistungen ergänzt werden."
new line,other,
new line,partnerName,Marc Welthe
new line,partnerMobile,+49 172 3007301
new line,partnerCity,17192 Waren
new line,partnerStreet,Otto-Intze-Str. 3
new line,partnerPhone,+49 3991 6735-10
new position,,
new line,title,Disponent (m/w/d) für die internationale LKW-Disposition
new line,location,Wien
new line,description,Für unseren Standort Wien suchen wir zum nächstmöglichen Zeitpunkt einen Disponent/-in für die LKW-Disposition.
new line,tasks,Einkauf von Transportleistungen
new line,tasks,Optimierung von Teilpartien
new line,tasks,Verkauf an unsere Transportunternehmer
new line,tasks,Abrechnung der Dienstleistungen
new line,tasks,"Täglich müssen schnelle Entscheidungen getroffen werden, bei höchstmöglicher Qualität in der Ausführung. Nach einer entsprechenden Einarbeitungszeit sollen Sie diese Aufgaben eigenverantwortlich lösen."
new line,requirements,Ausbildung zum Kaufmann (m/w/d) für Spedition & Logistikdienstleistung oder ähnlich
new line,requirements,Erste Berufserfahrung in der operativen Disposition in einer Spedition
new line,requirements,Gute Kenntnisse des Office-Pakets
new line,requirements,Kommunikations- und Teamfähigkeit sowie eine selbständige Arbeitsweise
new line,requirements,Gute Englischkenntnisse
new line,offer,"Die NEUFRA Speditions Gruppe ist ein international aufgestelltes mittelständisches Unternehmen mit 33 Niederlassungen in Europa. Mit mehr als 400 Mitarbeiter/innen leben wir eine offene Unternehmenskultur in einem persönlich geprägten Arbeitsumfeld. Unsere flachen Hierarchien fördern nicht nur ein kollegiales Miteinander, sondern auch eigenständiges Arbeiten mit eigenverantwortlichen Entscheidungen. Sie erwartet ein zukunftssicherer Arbeitsplatz mit dem Ziel einer langfristigen Zusammenarbeit. Zur Förderung Ihrer beruflichen und persönlichen Entwicklung werden Ihnen individuelle Weiterbildungsmöglichkeiten offeriert. Ferner besteht die Vergütung Ihrer Leistung aus attraktiven Gehältern, die mit weiteren Sozialleistungen ergänzt werden."
new line,other,
new line,partnerName,Alexander Stössel
new line,partnerMobile,+43 676 88867100
new line,partnerCity,1230 A-Wien
new line,partnerStreet,Lemböckgasse 49 A1 - 4
new line,partnerPhone,+43 1 8652640-10